year,month,category,target_qty_in,target_qty_out,target_turnover_rate,target_stockout_rate,target_fill_rate
2023,1,Âm thanh & Tai nghe,29442,20905,0.79,0.03,0.98
2023,1,Điện thoại & Phụ kiện,36450,14412,0.89,0.04,0.99
2023,1,Đồng hồ thông minh,5190,2743,0.87,0.03,0.99
2023,1,Gia dụng thông minh,4678,3474,0.89,0.02,0.97
2023,1,Laptop & Máy tính,188761,113679,0.94,0.04,0.98
2023,1,Máy tính bảng,1358,845,0.8,0.02,0.95
2023,1,Mỹ phẩm & Làm đẹp,5596,3584,0.84,0.05,0.97
2023,1,Nhà thông minh,7819,4534,0.79,0.05,0.95
2023,1,Phụ kiện công nghệ,12644,6438,0.95,0.05,0.97
2023,1,Thời trang nam,4896,3485,0.84,0.04,0.94
2023,1,Thời trang nữ,5674,3722,0.81,0.02,0.96
2023,2,Âm thanh & Tai nghe,42638,18872,0.91,0.02,0.95
2023,2,Điện thoại & Phụ kiện,13872,12901,0.9,0.03,0.97
2023,2,Đồng hồ thông minh,3946,2394,0.92,0.04,0.98
2023,2,Gia dụng thông minh,6667,3195,0.77,0.02,0.95
2023,2,Laptop & Máy tính,214666,100735,0.79,0.04,0.98
2023,2,Máy tính bảng,1877,844,0.77,0.04,0.95
2023,2,Mỹ phẩm & Làm đẹp,6736,3259,0.87,0.02,0.95
2023,2,Nhà thông minh,8229,3981,0.83,0.03,0.96
2023,2,Phụ kiện công nghệ,8621,5796,0.93,0.04,0.96
2023,2,Thời trang nam,6795,3241,0.88,0.04,0.96
2023,2,Thời trang nữ,6473,3255,0.79,0.04,0.97
2023,3,Âm thanh & Tai nghe,38696,40551,0.9,0.02,0.96
2023,3,Điện thoại & Phụ kiện,33714,26809,0.85,0.05,0.98
2023,3,Đồng hồ thông minh,5136,5194,0.94,0.03,0.98
2023,3,Gia dụng thông minh,6471,6883,0.87,0.03,0.97
2023,3,Laptop & Máy tính,209987,226253,0.88,0.03,0.96
2023,3,Máy tính bảng,1735,1778,0.88,0.04,0.99
2023,3,Mỹ phẩm & Làm đẹp,6498,7079,0.78,0.04,0.97
2023,3,Nhà thông minh,8121,8942,0.8,0.05,0.96
2023,3,Phụ kiện công nghệ,11003,11508,0.86,0.02,0.96
2023,3,Thời trang nam,6553,6832,0.78,0.04,0.96
2023,3,Thời trang nữ,6486,6883,0.9,0.03,0.97
2023,4,Âm thanh & Tai nghe,27973,44894,0.9,0.04,0.95
2023,4,Điện thoại & Phụ kiện,11751,28473,0.81,0.04,0.99
2023,4,Đồng hồ thông minh,3939,5292,0.86,0.05,0.97
2023,4,Gia dụng thông minh,4903,7208,0.95,0.04,0.96
2023,4,Laptop & Máy tính,148653,234433,0.78,0.02,0.96
2023,4,Máy tính bảng,1291,1929,0.83,0.05,0.95
2023,4,Mỹ phẩm & Làm đẹp,5051,7148,0.86,0.05,0.96
2023,4,Nhà thông minh,5989,9600,0.85,0.05,0.98
2023,4,Phụ kiện công nghệ,7732,12396,0.76,0.03,0.96
2023,4,Thời trang nam,4606,7244,0.85,0.03,0.98
2023,4,Thời trang nữ,4832,7302,0.88,0.04,0.96
2023,5,Âm thanh & Tai nghe,27689,38320,0.76,0.02,0.96
2023,5,Điện thoại & Phụ kiện,18822,26258,0.78,0.03,0.97
2023,5,Đồng hồ thông minh,3985,5037,0.77,0.03,0.95
2023,5,Gia dụng thông minh,4709,6447,0.79,0.04,0.98
2023,5,Laptop & Máy tính,156001,207875,0.77,0.04,0.98
2023,5,Máy tính bảng,1161,1638,0.77,0.04,0.97
2023,5,Mỹ phẩm & Làm đẹp,4474,6574,0.89,0.04,0.98
2023,5,Nhà thông minh,6436,7726,0.76,0.03,0.97
2023,5,Phụ kiện công nghệ,9121,10764,0.77,0.03,0.99
2023,5,Thời trang nam,5218,6139,0.83,0.04,0.94
2023,5,Thời trang nữ,4933,6259,0.84,0.04,0.98
2023,6,Âm thanh & Tai nghe,31970,28456,0.93,0.05,0.98
2023,6,Điện thoại & Phụ kiện,20736,17959,0.76,0.03,0.96
2023,6,Đồng hồ thông minh,2802,3608,0.93,0.04,0.95
2023,6,Gia dụng thông minh,4807,4766,0.76,0.03,0.97
2023,6,Laptop & Máy tính,164041,146504,0.82,0.04,0.94
2023,6,Máy tính bảng,1191,1237,0.86,0.04,0.94
2023,6,Mỹ phẩm & Làm đẹp,5131,4589,0.83,0.04,0.99
2023,6,Nhà thông minh,5705,5696,0.95,0.03,0.97
2023,6,Phụ kiện công nghệ,7458,8073,0.84,0.04,0.94
2023,6,Thời trang nam,4430,4779,0.79,0.03,0.99
2023,6,Thời trang nữ,4884,4678,0.84,0.02,0.97
2023,7,Âm thanh & Tai nghe,38518,28758,0.95,0.02,0.97
2023,7,Camera & Quay phim,542,0,0.93,0.02,0.97
2023,7,Điện thoại & Phụ kiện,29663,18784,0.79,0.05,0.96
2023,7,Đồng hồ thông minh,6745,3575,0.78,0.04,0.95
2023,7,Gia dụng thông minh,7072,4559,0.88,0.04,0.97
2023,7,Laptop & Máy tính,234960,150655,0.8,0.04,0.97
2023,7,Máy tính bảng,3625,1112,0.76,0.03,0.98
2023,7,Mỹ phẩm & Làm đẹp,7112,4742,0.91,0.02,0.94
2023,7,Nhà thông minh,8426,5719,0.76,0.03,0.95
2023,7,Phụ kiện công nghệ,12450,7944,0.87,0.03,0.98
2023,7,Thời trang nam,6821,4646,0.78,0.03,0.95
2023,7,Thời trang nữ,7098,4849,0.76,0.03,0.97
2023,8,Âm thanh & Tai nghe,16003,31542,0.82,0.03,0.96
2023,8,Camera & Quay phim,2571,0,0.75,0.03,0.95
2023,8,Điện thoại & Phụ kiện,118815,20939,0.76,0.02,0.95
2023,8,Đồng hồ thông minh,7969,4381,0.94,0.03,0.96
2023,8,Gia dụng thông minh,6469,4914,0.93,0.03,0.98
2023,8,Laptop & Máy tính,184193,159710,0.8,0.05,0.95
2023,8,Máy tính bảng,3139,1870,0.93,0.04,0.95
2023,8,Mỹ phẩm & Làm đẹp,6460,4893,0.75,0.04,0.94
2023,8,Nhà thông minh,8658,6251,0.81,0.04,0.99
2023,8,Phụ kiện công nghệ,13942,8548,0.94,0.03,0.99
2023,8,Thời trang nam,7491,4797,0.92,0.02,0.95
2023,8,Thời trang nữ,6412,4765,0.94,0.03,0.96
2023,9,Âm thanh & Tai nghe,28497,36466,0.75,0.04,0.97
2023,9,Camera & Quay phim,9789,1126,0.93,0.04,0.97
2023,9,Điện thoại & Phụ kiện,230568,52691,0.79,0.04,0.99
2023,9,Đồng hồ thông minh,13582,7241,0.94,0.03,0.98
2023,9,Gia dụng thông minh,12761,6857,0.95,0.04,0.95
2023,9,Laptop & Máy tính,339857,230397,0.83,0.02,0.95
2023,9,Máy tính bảng,5580,3461,0.95,0.02,0.95
2023,9,Mỹ phẩm & Làm đẹp,10803,7180,0.92,0.03,0.96
2023,9,Nhà thông minh,14635,8422,0.79,0.05,0.98
2023,9,Phụ kiện công nghệ,17574,11840,0.85,0.04,0.96
2023,9,Thời trang nam,9737,6823,0.78,0.04,0.97
2023,9,Thời trang nữ,11380,6729,0.86,0.04,0.97
2023,10,Âm thanh & Tai nghe,36797,15607,0.83,0.04,0.94
2023,10,Camera & Quay phim,9436,3479,0.77,0.03,0.99
2023,10,Điện thoại & Phụ kiện,284107,120944,0.77,0.04,0.98
2023,10,Đồng hồ thông minh,18559,7807,0.88,0.02,0.95
2023,10,Gia dụng thông minh,13258,6247,0.81,0.03,0.94
2023,10,Laptop & Máy tính,433511,174720,0.86,0.03,0.96
2023,10,Máy tính bảng,10953,3068,0.93,0.05,0.99
2023,10,Mỹ phẩm & Làm đẹp,15069,6425,0.88,0.04,0.98
2023,10,Nhà thông minh,17422,7775,0.86,0.04,0.98
2023,10,Phụ kiện công nghệ,25663,10341,0.87,0.03,0.95
2023,10,Thời trang nam,14865,6384,0.94,0.04,0.98
2023,10,Thời trang nữ,14296,6089,0.94,0.04,0.98
2023,11,Âm thanh & Tai nghe,10300,26910,0.82,0.03,0.95
2023,11,Camera & Quay phim,3033,7907,0.83,0.05,0.97
2023,11,Điện thoại & Phụ kiện,79914,226724,0.93,0.03,0.99
2023,11,Đồng hồ thông minh,5346,13432,0.76,0.04,0.99
2023,11,Gia dụng thông minh,3909,10677,0.8,0.02,0.97
2023,11,Laptop & Máy tính,103262,329909,0.83,0.02,0.97
2023,11,Máy tính bảng,3041,7762,0.94,0.04,0.98
2023,11,Mỹ phẩm & Làm đẹp,3678,10668,0.86,0.02,0.96
2023,11,Nhà thông minh,4665,13280,0.84,0.03,0.98
2023,11,Phụ kiện công nghệ,5886,18765,0.8,0.04,0.96
2023,11,Thời trang nam,3784,10704,0.95,0.02,0.98
2023,11,Thời trang nữ,3895,10661,0.94,0.05,0.99
2023,12,Âm thanh & Tai nghe,8009,37553,0.95,0.02,0.98
2023,12,Camera & Quay phim,2494,11022,0.84,0.04,0.98
2023,12,Điện thoại & Phụ kiện,105022,309802,0.79,0.02,0.95
2023,12,Đồng hồ thông minh,4022,18430,0.93,0.05,0.99
2023,12,Gia dụng thông minh,3265,14304,0.87,0.04,0.98
2023,12,Laptop & Máy tính,64030,423173,0.76,0.03,0.96
2023,12,Máy tính bảng,2352,11263,0.9,0.03,0.96
2023,12,Mỹ phẩm & Làm đẹp,3382,14798,0.76,0.03,0.98
2023,12,Nhà thông minh,3980,17520,0.83,0.04,0.95
2023,12,Phụ kiện công nghệ,5466,26190,0.83,0.03,0.99
2023,12,Thời trang nam,2930,14654,0.75,0.03,0.99
2023,12,Thời trang nữ,3629,14468,0.93,0.05,0.98
2024,1,Âm thanh & Tai nghe,11045,9508,0.79,0.03,0.96
2024,1,Camera & Quay phim,3179,2910,0.82,0.02,0.95
2024,1,Điện thoại & Phụ kiện,176356,93666,0.92,0.04,0.98
2024,1,Đồng hồ thông minh,6192,4754,0.89,0.02,0.96
2024,1,Gia dụng thông minh,4275,3475,0.94,0.03,0.95
2024,1,Laptop & Máy tính,77387,98476,0.9,0.04,0.96
2024,1,Máy tính bảng,4261,2685,0.79,0.04,0.95
2024,1,Mỹ phẩm & Làm đẹp,4414,3490,0.8,0.03,0.99
2024,1,Nhà thông minh,5252,4546,0.89,0.02,0.96
2024,1,Phụ kiện công nghệ,9030,6501,0.84,0.04,0.99
2024,1,Thời trang nam,4474,3673,0.84,0.05,0.96
2024,1,Thời trang nữ,4167,3744,0.87,0.02,0.97
2024,2,Âm thanh & Tai nghe,12314,7954,0.85,0.03,0.95
2024,2,Camera & Quay phim,3527,2460,0.87,0.04,0.97
2024,2,Điện thoại & Phụ kiện,193330,107120,0.94,0.05,0.96
2024,2,Đồng hồ thông minh,5544,3910,0.83,0.05,0.96
2024,2,Gia dụng thông minh,6222,3203,0.93,0.02,0.99
2024,2,Laptop & Máy tính,84391,66765,0.9,0.05,0.95
2024,2,Máy tính bảng,4259,2385,0.94,0.04,0.95
2024,2,Mỹ phẩm & Làm đẹp,5063,3362,0.94,0.04,0.94
2024,2,Nhà thông minh,6078,4041,0.79,0.04,0.94
2024,2,Phụ kiện công nghệ,7770,5654,0.92,0.03,0.99
2024,2,Thời trang nam,5332,3061,0.84,0.03,0.99
2024,2,Thời trang nữ,5311,3285,0.79,0.05,0.99
2024,3,Âm thanh & Tai nghe,12440,14508,0.82,0.03,0.97
2024,3,Camera & Quay phim,5122,3988,0.88,0.04,0.94
2024,3,Điện thoại & Phụ kiện,216096,223470,0.77,0.02,0.99
2024,3,Đồng hồ thông minh,6640,7296,0.93,0.04,0.99
2024,3,Gia dụng thông minh,6744,6788,0.82,0.03,0.95
2024,3,Laptop & Máy tính,91947,100823,0.94,0.05,0.96
2024,3,Máy tính bảng,5223,5374,0.81,0.05,0.97
2024,3,Mỹ phẩm & Làm đẹp,4887,5707,0.91,0.04,0.95
2024,3,Nhà thông minh,6347,6957,0.79,0.03,0.98
2024,3,Phụ kiện công nghệ,9383,10179,0.83,0.05,0.94
2024,3,Thời trang nam,4590,5536,0.8,0.04,0.95
2024,3,Thời trang nữ,5498,5796,0.93,0.02,0.94
2024,4,Âm thanh & Tai nghe,9939,13718,0.84,0.02,0.95
2024,4,Camera & Quay phim,3999,4240,0.81,0.03,0.95
2024,4,Điện thoại & Phụ kiện,159997,211222,0.87,0.04,0.95
2024,4,Đồng hồ thông minh,5440,6824,0.81,0.03,0.95
2024,4,Gia dụng thông minh,4674,7091,0.91,0.03,0.96
2024,4,Laptop & Máy tính,73614,93587,0.94,0.05,0.96
2024,4,Máy tính bảng,4855,5505,0.85,0.04,0.98
2024,4,Mỹ phẩm & Làm đẹp,4187,5433,0.79,0.04,0.98
2024,4,Nhà thông minh,5109,6778,0.8,0.05,0.94
2024,4,Phụ kiện công nghệ,6954,9130,0.77,0.02,0.94
2024,4,Thời trang nam,4110,5444,0.91,0.04,0.98
2024,4,Thời trang nữ,3990,5318,0.76,0.03,0.95
2024,5,Âm thanh & Tai nghe,9223,12640,0.82,0.04,0.97
2024,5,Camera & Quay phim,3750,4872,0.79,0.03,0.97
2024,5,Điện thoại & Phụ kiện,159112,210989,0.87,0.02,0.98
2024,5,Đồng hồ thông minh,4292,6130,0.76,0.03,0.95
2024,5,Gia dụng thông minh,4778,6368,0.78,0.03,0.94
2024,5,Laptop & Máy tính,68865,93351,0.77,0.03,0.98
2024,5,Máy tính bảng,4940,5742,0.89,0.03,0.97
2024,5,Mỹ phẩm & Làm đẹp,4019,4973,0.94,0.04,0.95
2024,5,Nhà thông minh,4710,6431,0.86,0.05,0.98
2024,5,Phụ kiện công nghệ,6257,8979,0.87,0.02,0.95
2024,5,Thời trang nam,4020,4934,0.78,0.03,0.98
2024,5,Thời trang nữ,3477,5264,0.9,0.03,0.94
2024,6,Âm thanh & Tai nghe,9907,10043,0.93,0.04,0.94
2024,6,Camera & Quay phim,4801,3997,0.8,0.02,0.95
2024,6,Điện thoại & Phụ kiện,162797,163525,0.92,0.05,0.96
2024,6,Đồng hồ thông minh,4963,4915,0.81,0.03,0.97
2024,6,Gia dụng thông minh,4709,4917,0.89,0.02,0.95
2024,6,Laptop & Máy tính,70435,73471,0.93,0.03,0.97
2024,6,Máy tính bảng,4548,4812,0.81,0.05,0.94
2024,6,Mỹ phẩm & Làm đẹp,3645,4051,0.87,0.03,0.94
2024,6,Nhà thông minh,4641,5124,0.86,0.03,0.96
2024,6,Phụ kiện công nghệ,7106,6773,0.85,0.03,0.97
2024,6,Thời trang nam,3599,4011,0.94,0.03,0.97
2024,6,Thời trang nữ,3786,4002,0.75,0.02,0.97
2024,7,Âm thanh & Tai nghe,14176,8899,0.82,0.02,0.97
2024,7,Camera & Quay phim,7092,4302,0.78,0.03,0.95
2024,7,Điện thoại & Phụ kiện,235195,153704,0.86,0.04,0.96
2024,7,Đồng hồ thông minh,7314,4541,0.92,0.05,0.98
2024,7,Gia dụng thông minh,7330,4567,0.77,0.03,0.96
2024,7,Laptop & Máy tính,104504,64613,0.84,0.03,0.95
2024,7,Máy tính bảng,7490,4507,0.91,0.02,0.98
2024,7,Mỹ phẩm & Làm đẹp,5882,3413,0.8,0.03,0.95
2024,7,Nhà thông minh,7179,4573,0.87,0.05,0.97
2024,7,Phụ kiện công nghệ,9603,6282,0.9,0.02,0.96
2024,7,Thời trang nam,5442,3515,0.83,0.02,0.97
2024,7,Thời trang nữ,5580,3497,0.86,0.03,0.98
2024,8,Âm thanh & Tai nghe,15377,9831,0.94,0.03,0.98
2024,8,Camera & Quay phim,7276,4644,0.79,0.03,0.97
2024,8,Điện thoại & Phụ kiện,272392,162539,0.81,0.04,0.99
2024,8,Đồng hồ thông minh,7186,4853,0.87,0.04,0.96
2024,8,Gia dụng thông minh,7025,4687,0.83,0.04,0.98
2024,8,Laptop & Máy tính,107076,69303,0.81,0.03,0.95
2024,8,Máy tính bảng,9787,4704,0.87,0.03,0.98
2024,8,Mỹ phẩm & Làm đẹp,5968,3935,0.76,0.04,0.99
2024,8,Nhà thông minh,7438,4566,0.93,0.03,0.98
2024,8,Phụ kiện công nghệ,11368,6740,0.9,0.03,0.95
2024,8,Thời trang nam,5887,3869,0.82,0.03,0.95
2024,8,Thời trang nữ,5784,3695,0.9,0.02,0.97
2024,9,Âm thanh & Tai nghe,26370,13842,0.79,0.04,0.96
2024,9,Camera & Quay phim,13260,6864,0.84,0.04,0.98
2024,9,Điện thoại & Phụ kiện,497807,237742,0.76,0.04,0.96
2024,9,Đồng hồ thông minh,14029,6597,0.93,0.02,0.95
2024,9,Gia dụng thông minh,13655,6755,0.91,0.03,0.97
2024,9,Laptop & Máy tính,203171,98642,0.85,0.04,0.98
2024,9,Máy tính bảng,11192,7075,0.88,0.02,0.94
2024,9,Mỹ phẩm & Làm đẹp,11078,5394,0.85,0.03,0.96
2024,9,Nhà thông minh,13936,7078,0.89,0.05,0.98
2024,9,Phụ kiện công nghệ,19764,9431,0.87,0.02,0.99
2024,9,Thời trang nam,11166,5462,0.86,0.03,0.96
2024,9,Thời trang nữ,11286,5682,0.78,0.02,0.97
2024,10,Âm thanh & Tai nghe,35182,14980,0.87,0.03,0.95
2024,10,Camera & Quay phim,18190,7409,0.84,0.02,0.95
2024,10,Điện thoại & Phụ kiện,584059,250292,0.82,0.04,0.98
2024,10,Đồng hồ thông minh,17608,7326,0.92,0.04,0.96
2024,10,Gia dụng thông minh,18132,7252,0.86,0.03,0.99
2024,10,Laptop & Máy tính,257190,108562,0.87,0.02,0.94
2024,10,Máy tính bảng,18816,7273,0.84,0.03,0.97
2024,10,Mỹ phẩm & Làm đẹp,14340,5736,0.84,0.03,0.97
2024,10,Nhà thông minh,17589,7321,0.92,0.02,0.97
2024,10,Phụ kiện công nghệ,23903,10187,0.8,0.03,0.94
2024,10,Thời trang nam,13256,5672,0.82,0.05,0.96
2024,10,Thời trang nữ,14766,5621,0.89,0.05,0.95
2024,11,Âm thanh & Tai nghe,9289,26562,0.75,0.02,0.96
2024,11,Camera & Quay phim,5092,12958,0.86,0.04,0.95
2024,11,Điện thoại & Phụ kiện,151673,436038,0.88,0.05,0.95
2024,11,Đồng hồ thông minh,4555,12753,0.77,0.04,0.97
2024,11,Gia dụng thông minh,4782,13358,0.79,0.04,0.99
2024,11,Laptop & Máy tính,69640,195282,0.8,0.03,0.97
2024,11,Máy tính bảng,4266,13108,0.84,0.03,0.98
2024,11,Mỹ phẩm & Làm đẹp,3789,10299,0.94,0.04,0.97
2024,11,Nhà thông minh,5211,13401,0.86,0.03,0.97
2024,11,Phụ kiện công nghệ,6694,18598,0.88,0.03,0.97
2024,11,Thời trang nam,4133,10433,0.79,0.03,0.94
2024,11,Thời trang nữ,3519,10875,0.88,0.03,0.96
2024,12,Âm thanh & Tai nghe,8286,34854,0.79,0.02,0.96
2024,12,Camera & Quay phim,3639,17826,0.86,0.04,0.97
2024,12,Điện thoại & Phụ kiện,138991,580792,0.76,0.03,0.95
2024,12,Đồng hồ thông minh,4227,17770,0.89,0.03,0.98
2024,12,Gia dụng thông minh,3936,17699,0.78,0.05,0.97
2024,12,Laptop & Máy tính,61148,253915,0.86,0.05,0.97
2024,12,Máy tính bảng,4207,17831,0.81,0.04,0.98
2024,12,Mỹ phẩm & Làm đẹp,3179,14087,0.77,0.03,0.96
2024,12,Nhà thông minh,4009,18091,0.93,0.04,0.96
2024,12,Phụ kiện công nghệ,5431,25558,0.77,0.03,0.94
2024,12,Thời trang nam,3143,14027,0.86,0.02,0.96
2024,12,Thời trang nữ,3177,14861,0.84,0.02,0.95
2025,1,Âm thanh & Tai nghe,11351,8319,0.87,0.05,0.96
2025,1,Camera & Quay phim,6424,4320,0.92,0.04,0.99
2025,1,Điện thoại & Phụ kiện,205203,148322,0.78,0.05,0.97
2025,1,Đồng hồ thông minh,5123,4279,0.81,0.02,0.94
2025,1,Gia dụng thông minh,6139,4208,0.92,0.04,0.97
2025,1,Laptop & Máy tính,81656,62957,0.84,0.02,0.96
2025,1,Máy tính bảng,6635,4327,0.91,0.02,0.95
2025,1,Mỹ phẩm & Làm đẹp,5318,3472,0.78,0.03,0.94
2025,1,Nhà thông minh,6001,4470,0.88,0.04,0.98
2025,1,Phụ kiện công nghệ,9326,5778,0.8,0.02,0.96
2025,1,Thời trang nam,5121,3560,0.87,0.05,0.96
2025,1,Thời trang nữ,5002,3638,0.84,0.02,0.96
2025,2,Âm thanh & Tai nghe,14476,8260,0.93,0.05,0.98
2025,2,Camera & Quay phim,5795,4108,0.82,0.03,0.95
2025,2,Điện thoại & Phụ kiện,221977,139108,0.91,0.02,0.98
2025,2,Đồng hồ thông minh,7334,3892,0.77,0.04,0.96
2025,2,Gia dụng thông minh,6512,4006,0.76,0.03,0.95
2025,2,Laptop & Máy tính,103503,58450,0.78,0.04,0.98
2025,2,Máy tính bảng,6748,4112,0.79,0.03,0.98
2025,2,Mỹ phẩm & Làm đẹp,4900,3172,0.86,0.03,0.98
2025,2,Nhà thông minh,6146,3974,0.93,0.04,0.96
2025,2,Phụ kiện công nghệ,8124,5663,0.84,0.03,0.97
2025,2,Thời trang nam,5151,3392,0.92,0.02,0.95
2025,2,Thời trang nữ,4810,3155,0.83,0.04,0.99
2025,3,Âm thanh & Tai nghe,15274,14099,0.85,0.04,0.96
2025,3,Camera & Quay phim,7796,6776,0.88,0.02,0.96
2025,3,Điện thoại & Phụ kiện,247207,242068,0.79,0.03,0.96
2025,3,Đồng hồ thông minh,7460,7262,0.79,0.02,0.99
2025,3,Gia dụng thông minh,7090,6941,0.8,0.03,0.97
2025,3,Laptop & Máy tính,108595,102065,0.78,0.05,0.98
2025,3,Máy tính bảng,6904,7296,0.85,0.04,0.98
2025,3,Mỹ phẩm & Làm đẹp,6107,5572,0.8,0.03,0.97
2025,3,Nhà thông minh,6614,7454,0.92,0.03,0.95
2025,3,Phụ kiện công nghệ,10865,10127,0.79,0.03,0.95
2025,3,Thời trang nam,6203,5842,0.84,0.05,0.98
2025,3,Thời trang nữ,5901,5488,0.84,0.02,0.95
2025,4,Âm thanh & Tai nghe,10190,14934,0.84,0.03,0.97
2025,4,Camera & Quay phim,5081,7133,0.83,0.03,0.97
2025,4,Điện thoại & Phụ kiện,167367,240161,0.88,0.02,0.98
2025,4,Đồng hồ thông minh,5128,7686,0.82,0.05,0.94
2025,4,Gia dụng thông minh,5358,7419,0.8,0.02,0.96
2025,4,Laptop & Máy tính,81686,105692,0.83,0.04,0.98
2025,4,Máy tính bảng,5223,7488,0.88,0.03,0.94
2025,4,Mỹ phẩm & Làm đẹp,4554,5666,0.84,0.03,0.98
2025,4,Nhà thông minh,5183,7265,0.94,0.04,0.94
2025,4,Phụ kiện công nghệ,6996,10326,0.83,0.03,0.98
2025,4,Thời trang nam,4404,5802,0.84,0.03,0.96
2025,4,Thời trang nữ,4325,5874,0.93,0.04,0.96
2025,5,Âm thanh & Tai nghe,11921,13876,0.88,0.02,0.96
2025,5,Camera & Quay phim,6108,7425,0.92,0.04,0.96
2025,5,Điện thoại & Phụ kiện,202024,245384,0.78,0.05,0.98
2025,5,Đồng hồ thông minh,6214,7284,0.8,0.02,0.96
2025,5,Gia dụng thông minh,6194,7007,0.92,0.05,0.99
2025,5,Laptop & Máy tính,90273,105274,0.84,0.03,0.97
2025,5,Máy tính bảng,6223,7003,0.86,0.05,0.97
2025,5,Mỹ phẩm & Làm đẹp,4435,5683,0.82,0.02,0.95
2025,5,Nhà thông minh,5940,7147,0.87,0.05,0.97
2025,5,Phụ kiện công nghệ,8680,9486,0.93,0.03,0.97
2025,5,Thời trang nam,5005,6101,0.79,0.04,0.98
2025,5,Thời trang nữ,4367,5821,0.92,0.05,0.94
2025,6,Âm thanh & Tai nghe,0,10572,0.91,0.04,0.95
2025,6,Camera & Quay phim,0,5181,0.88,0.02,0.94
2025,6,Điện thoại & Phụ kiện,0,181151,0.76,0.02,0.94
2025,6,Đồng hồ thông minh,0,5200,0.91,0.05,0.98
2025,6,Gia dụng thông minh,0,5296,0.78,0.05,0.95
2025,6,Laptop & Máy tính,0,76087,0.89,0.04,0.99
2025,6,Máy tính bảng,0,5204,0.88,0.02,0.98
2025,6,Mỹ phẩm & Làm đẹp,0,4076,0.86,0.05,0.98
2025,6,Nhà thông minh,0,5033,0.89,0.03,0.94
2025,6,Phụ kiện công nghệ,0,7125,0.92,0.03,0.97
2025,6,Thời trang nam,0,4305,0.81,0.04,0.97
2025,6,Thời trang nữ,0,3927,0.88,0.04,0.97